{
    "accuracy": 0.936046511627907,
    "precision": 0.5,
    "recall": 0.09090909090909091,
    "f1_score": 0.15384615384615385,
    "roc_auc": 0.6880293619424054,
    "model": "RandomForestClassifier"
}