Modelo,Accuracy,Precision,Recall,F1-score,ROC-AUC
Regressao Logistica,0.9418604651162791,0.5416666666666666,0.7647058823529411,0.6341463414634146,0.9192091774469123
Gradient Boosting,0.9496124031007752,0.6111111111111112,0.6470588235294118,0.6285714285714286,0.9243348791798878
Random Forest,0.9418604651162791,0.625,0.29411764705882354,0.4,0.9525262387112521
